{"cameraMode":{"drawMode":0,"name":"Shaded","section":"Shading Mode"},"sceneLighting":true,"audioPlay":false,"sceneViewState":{"showFog":false,"showMaterialUpdate":false,"showSkybox":false,"showFlares":false,"showImageEffects":true,"showParticleSystems":true},"in2DMode":false,"pivot":{"x":-10.133590698242188,"y":7.159097671508789,"z":9.495794296264649},"rotation":{"x":0.26124143600463869,"y":-0.06365176290273667,"z":0.01726674847304821,"w":0.9630205035209656},"size":20.20840835571289,"orthographic":false}